ENT,MUN,total_hablantes,num_lom_distintas,familia_dominante
1,1,2084,12,Yuto-nahua
1,2,13,2,Maya
1,3,78,9,Yuto-nahua
1,4,9,2,Yuto-nahua
1,5,205,7,Yuto-nahua
1,6,46,3,Yuto-nahua
1,7,150,7,Oto-mangue
1,8,24,3,Yuto-nahua
1,9,22,3,Yuto-nahua
1,10,12,4,Maya
1,11,142,3,Maya
2,1,11631,30,Oto-mangue
2,2,5230,25,Yuto-nahua
2,3,830,19,Oto-mangue
2,4,22572,28,Oto-mangue
2,5,1822,12,Oto-mangue
2,6,17487,16,Oto-mangue
3,1,995,10,Oto-mangue
3,2,1267,18,Oto-mangue
3,3,2096,19,Oto-mangue
3,8,7632,26,Yuto-nahua
3,9,178,10,Otras / no especificado
4,1,24625,8,Maya
4,2,12795,20,Maya
4,3,3906,16,Maya
4,4,4714,16,Maya
4,5,10515,8,Maya
4,6,12847,5,Maya
4,7,59,7,Maya
4,8,1323,7,Maya
4,9,1972,14,Maya
4,10,7020,18,Maya
4,11,5803,13,Maya
5,1,1,1,Yuto-nahua
5,2,595,14,Yuto-nahua
5,4,47,8,Yuto-nahua
5,6,5,1,Yuto-nahua
5,7,9,1,Yuto-nahua
5,9,88,4,Yuto-nahua
5,10,44,3,Oto-mangue
5,12,11,5,Maya
5,14,4,2,Maya
5,16,1,1,Tarasca
5,17,96,6,Totonaco-tepehua
5,18,103,5,Yuto-nahua
5,19,3,1,Yuto-nahua
5,20,93,4,Yuto-nahua
5,21,9,5,Maya
5,22,24,3,Yuto-nahua
5,23,2,1,Yuto-nahua
5,24,66,6,Yuto-nahua
5,25,297,6,Yuto-nahua
5,26,1,1,Totonaco-tepehua
5,27,895,16,Oto-mangue
5,28,89,3,Yuto-nahua
5,30,1528,10,Yuto-nahua
5,31,29,3,Oto-mangue
5,32,23,2,Yuto-nahua
5,33,121,6,Yuto-nahua
5,34,7,2,Yuto-nahua
5,35,839,8,Maya
5,38,25,5,Tarasca
6,1,113,8,Yuto-nahua
6,2,1203,12,Yuto-nahua
6,3,76,4,Yuto-nahua
6,4,141,6,Oto-mangue
6,5,299,4,Yuto-nahua
6,6,6,2,Yuto-nahua
6,7,596,8,Oto-mangue
6,8,24,3,Yuto-nahua
6,9,1629,15,Yuto-nahua
6,10,490,4,Yuto-nahua
7,1,54,9,Maya
7,2,2364,5,Maya
7,3,49,5,Maya
7,4,20173,8,Maya
7,5,4780,6,Maya
7,6,673,5,Maya
7,7,7563,8,Maya
7,8,1230,8,Maya
7,9,274,10,Oto-mangue
7,10,14,1,Maya
7,11,162,4,Maya
7,12,2242,13,Maya
7,13,15191,8,Maya
7,14,21051,8,Maya
7,15,296,8,Maya
7,16,451,8,Maya
7,17,8150,7,Maya
7,18,1827,6,Maya
7,19,4673,14,Maya
7,20,3653,9,Maya
7,21,3462,6,Maya
7,22,19507,4,Maya
7,23,92131,11,Maya
7,24,12032,8,Maya
7,25,5465,7,Mixe-zoque
7,26,42220,7,Maya
7,27,1551,7,Maya
7,28,78,3,Maya
7,29,525,6,Maya
7,30,514,7,Maya
7,31,121288,6,Maya
7,32,148,5,Maya
7,33,4432,4,Mixe-zoque
7,34,1405,16,Maya
7,35,43,6,Maya
7,36,37,3,Maya
7,37,75,5,Maya
7,38,19452,7,Maya
7,39,14978,5,Maya
7,40,300,8,Maya
7,41,1675,8,Maya
7,42,3265,4,Maya
7,43,1599,7,Mixe-zoque
7,44,6466,7,Maya
7,45,773,5,Maya
7,46,2454,11,Maya
7,47,15365,4,Maya
7,48,3453,6,Mixe-zoque
7,49,27664,9,Maya
7,50,180,3,Maya
7,51,235,10,Maya
7,52,89030,13,Maya
7,53,393,5,Maya
7,54,110,7,Maya
7,55,28,7,Maya
7,56,11980,3,Maya
7,57,843,12,Maya
7,58,22,3,Maya
7,59,186732,10,Maya
7,60,12330,10,Mixe-zoque
7,61,13098,11,Maya
7,62,490,5,Mixe-zoque
7,63,406,11,Maya
7,64,47746,10,Maya
7,65,51289,10,Maya
7,66,22174,11,Maya
7,67,4707,7,Mixe-zoque
7,68,570,8,Mixe-zoque
7,69,165,6,Oto-mangue
7,70,392,3,Maya
7,71,225,6,Maya
7,72,10116,7,Maya
7,73,3171,9,Mixe-zoque
7,74,338,9,Maya
7,75,2156,5,Maya
7,76,20808,5,Maya
7,77,52821,6,Maya
7,78,73527,9,Maya
7,79,1111,11,Maya
7,80,92,2,Maya
7,81,36687,4,Maya
7,82,13460,6,Maya
7,83,464,9,Maya
7,84,1455,6,Maya
7,85,2831,6,Maya
7,86,174,5,Maya
7,87,139,8,Maya
7,88,12,3,Mixe-zoque
7,89,2210,14,Maya
7,90,3760,5,Mixe-zoque
7,91,695,6,Mixe-zoque
7,92,5315,13,Mixe-zoque
7,93,43331,11,Maya
7,94,19883,9,Maya
7,96,74721,5,Maya
7,97,473,10,Maya
7,98,383,3,Maya
7,99,8788,13,Maya
7,100,33784,10,Maya
7,101,12936,13,Maya
7,102,76,7,Maya
7,103,207,11,Maya
7,104,611,10,Maya
7,105,273,5,Maya
7,106,38732,8,Maya
7,107,2947,6,Maya
7,108,1304,6,Maya
7,109,29995,9,Maya
7,110,2574,5,Maya
7,111,41365,7,Maya
7,112,34100,5,Maya
7,113,7733,3,Maya
7,114,4026,20,Maya
7,115,5584,22,Maya
7,116,5787,19,Maya
7,117,107,4,Maya
7,118,5190,5,Maya
7,119,4439,2,Maya
7,120,12,4,Maya
7,121,7221,2,Maya
7,122,306,3,Maya
7,123,1886,5,Mixe-zoque
7,124,6073,10,Maya
8,1,14,2,Yuto-nahua
8,2,306,6,Yuto-nahua
8,3,169,3,Yuto-nahua
8,4,117,4,Yuto-nahua
8,5,491,14,Oto-mangue
8,6,167,3,Yuto-nahua
8,7,7724,5,Yuto-nahua
8,8,6156,4,Yuto-nahua
8,9,3898,3,Yuto-nahua
8,10,1690,7,Oto-mangue
8,11,1096,6,Yuto-nahua
8,12,3782,6,Yuto-nahua
8,13,241,7,Oto-mangue
8,14,9,3,Yuto-nahua
8,15,16,3,Yuto-nahua
8,16,67,1,Yuto-nahua
8,17,3479,6,Yuto-nahua
8,18,331,1,Yuto-nahua
8,19,15379,16,Yuto-nahua
8,20,440,3,Yuto-nahua
8,21,862,7,Yuto-nahua
8,22,131,1,Yuto-nahua
8,23,414,4,Oto-mangue
8,24,71,1,Yuto-nahua
8,25,50,1,Yuto-nahua
8,26,57,3,Yuto-nahua
8,27,26445,4,Yuto-nahua
8,28,3,2,Maya
8,29,14155,5,Yuto-nahua
8,30,1951,3,Yuto-nahua
8,31,1583,3,Yuto-nahua
8,32,826,5,Yuto-nahua
8,33,15,1,Yuto-nahua
8,34,12,2,Yuto-nahua
8,35,616,5,Oto-mangue
8,36,963,6,Yuto-nahua
8,37,9556,13,Oto-mangue
8,38,38,2,Yuto-nahua
8,39,87,3,Yuto-nahua
8,40,590,3,Yuto-nahua
8,41,204,2,Yuto-nahua
8,42,5,1,Yuto-nahua
8,43,19,1,Yuto-nahua
8,44,27,2,Yuto-nahua
8,45,453,6,Oto-mangue
8,46,2141,6,Yuto-nahua
8,47,83,4,Yuto-nahua
8,48,279,5,Yuto-nahua
8,49,369,3,Yuto-nahua
8,50,677,10,Oto-mangue
8,51,56,5,Yuto-nahua
8,52,151,5,Yuto-nahua
8,53,4,2,Maya
8,54,42,2,Yuto-nahua
8,55,124,2,Yuto-nahua
8,56,25,1,Yuto-nahua
8,57,189,2,Yuto-nahua
8,58,29,4,Yuto-nahua
8,59,40,4,Yuto-nahua
8,60,132,5,Yuto-nahua
8,61,73,2,Yuto-nahua
8,62,90,2,Yuto-nahua
8,63,524,5,Yuto-nahua
8,64,31,1,Yuto-nahua
8,65,7769,5,Yuto-nahua
8,66,1296,5,Yuto-nahua
8,67,40,2,Yuto-nahua
9,2,3380,17,Oto-mangue
9,3,6582,17,Oto-mangue
9,4,2651,17,Oto-mangue
9,5,14706,16,Oto-mangue
9,6,7848,17,Oto-mangue
9,7,28917,19,Oto-mangue
9,8,2594,19,Oto-mangue
9,9,4242,14,Yuto-nahua
9,10,10841,21,Oto-mangue
9,11,7592,26,Oto-mangue
9,12,11563,24,Oto-mangue
9,13,10176,17,Oto-mangue
9,14,5232,17,Oto-mangue
9,15,14218,21,Oto-mangue
9,16,5698,17,Oto-mangue
9,17,5961,15,Oto-mangue
10,1,53,5,Yuto-nahua
10,2,1,1,Yuto-nahua
10,3,6,1,Yuto-nahua
10,4,6,1,Maya
10,5,4995,14,Yuto-nahua
10,6,2,1,Yuto-nahua
10,7,207,8,Oto-mangue
10,8,62,5,Yuto-nahua
10,9,96,4,Yuto-nahua
10,10,14,1,Yuto-nahua
10,11,52,3,Yuto-nahua
10,12,118,4,Yuto-nahua
10,13,44,4,Yuto-nahua
10,14,36026,15,Yuto-nahua
10,15,2,1,Yuto-nahua
10,16,4,1,Yuto-nahua
10,17,101,2,Yuto-nahua
10,18,40,1,Yuto-nahua
10,20,3,1,Yuto-nahua
10,21,11,3,Yuto-nahua
10,22,13,2,Yuto-nahua
10,23,3885,8,Yuto-nahua
10,24,2,1,Yuto-nahua
10,25,40,2,Yuto-nahua
10,26,15,3,Oto-mangue
10,28,54,4,Yuto-nahua
10,31,1,1,Yuto-nahua
10,32,202,9,Yuto-nahua
10,33,849,3,Yuto-nahua
10,34,25,4,Yuto-nahua
10,35,89,5,Oto-mangue
10,36,18,3,Yuto-nahua
10,37,27,3,Oto-mangue
10,38,322,4,Yuto-nahua
10,39,10,1,Yuto-nahua
11,1,162,4,Tarasca
11,2,91,7,Oto-mangue
11,3,244,5,Yuto-nahua
11,4,130,6,Yuto-nahua
11,5,273,19,Yuto-nahua
11,6,7,2,Maya
11,7,1434,11,Oto-mangue
11,8,30,2,Yuto-nahua
11,9,142,8,Oto-mangue
11,10,20,7,Oto-mangue
11,11,179,4,Oto-mangue
11,12,50,3,Oto-mangue
11,13,59,5,Tarasca
11,14,362,9,Oto-mangue
11,15,574,11,Yuto-nahua
11,16,14,2,Oto-mangue
11,17,1180,15,Oto-mangue
11,18,44,3,Yuto-nahua
11,19,7,1,Maya
11,20,3430,12,Yuto-nahua
11,22,23,5,Maya
11,23,42,4,Yuto-nahua
11,24,31,4,Mixe-zoque
11,25,257,13,Oto-mangue
11,26,111,7,Oto-mangue
11,27,351,4,Oto-mangue
11,28,168,9,Yuto-nahua
11,29,35,2,Oto-mangue
11,30,86,5,Yuto-nahua
11,31,154,5,Yuto-nahua
11,32,203,17,Oto-mangue
11,33,2761,5,Oto-mangue
11,34,9,2,Oto-mangue
11,35,151,5,Mixe-zoque
11,36,4,2,Oto-mangue
11,37,281,8,Yuto-nahua
11,38,8,3,Yuto-nahua
11,39,33,2,Oto-mangue
11,40,271,7,Oto-mangue
11,41,169,6,Oto-mangue
11,42,101,3,Oto-mangue
11,43,80,7,Oto-mangue
11,44,163,9,Oto-mangue
11,45,8,1,Yuto-nahua
11,46,19,4,Oto-mangue
12,1,13125,11,Oto-mangue
12,2,3278,5,Yuto-nahua
12,3,57,3,Yuto-nahua
12,4,17181,9,Oto-mangue
12,5,1261,4,Oto-mangue
12,6,96,4,Yuto-nahua
12,7,119,3,Yuto-nahua
12,8,835,4,Yuto-nahua
12,9,5026,4,Oto-mangue
12,10,16969,15,Oto-mangue
12,11,1746,8,Yuto-nahua
12,12,14348,6,Oto-mangue
12,13,883,6,Oto-mangue
12,14,63,4,Yuto-nahua
12,15,109,6,Yuto-nahua
12,17,50,3,Yuto-nahua
12,18,244,9,Oto-mangue
12,19,10563,7,Yuto-nahua
12,20,17174,7,Oto-mangue
12,21,315,4,Oto-mangue
12,22,32,3,Oto-mangue
12,23,1397,11,Oto-mangue
12,24,3288,3,Yuto-nahua
12,25,117,4,Oto-mangue
12,26,424,6,Yuto-nahua
12,27,20,3,Oto-mangue
12,28,22148,8,Yuto-nahua
12,29,7398,10,Oto-mangue
12,30,376,6,Oto-mangue
12,31,13,2,Yuto-nahua
12,32,134,3,Oto-mangue
12,33,3336,5,Yuto-nahua
12,34,2286,7,Yuto-nahua
12,35,3327,10,Yuto-nahua
12,36,1577,5,Oto-mangue
12,37,24,2,Yuto-nahua
12,38,3136,11,Oto-mangue
12,39,250,5,Oto-mangue
12,40,156,5,Oto-mangue
12,41,24262,6,Oto-mangue
12,42,5236,6,Yuto-nahua
12,43,16431,11,Oto-mangue
12,44,156,8,Yuto-nahua
12,45,7562,7,Yuto-nahua
12,46,20203,5,Oto-mangue
12,47,4,3,Oto-mangue
12,48,255,10,Oto-mangue
12,49,6,2,Oto-mangue
12,50,153,8,Yuto-nahua
12,51,4313,7,Yuto-nahua
12,52,19350,7,Oto-mangue
12,53,443,5,Oto-mangue
12,54,54,5,Oto-mangue
12,55,2235,4,Yuto-nahua
12,56,1282,6,Oto-mangue
12,57,397,6,Oto-mangue
12,58,222,7,Yuto-nahua
12,59,4620,7,Yuto-nahua
12,60,15,2,Yuto-nahua
12,61,8226,9,Yuto-nahua
12,62,16353,8,Oto-mangue
12,63,7861,9,Oto-mangue
12,64,5,2,Yuto-nahua
12,65,1995,5,Oto-mangue
12,66,40470,6,Oto-mangue
12,67,11,2,Oto-mangue
12,68,62,5,Oto-mangue
12,69,9542,6,Yuto-nahua
12,70,126,7,Yuto-nahua
12,71,25525,8,Oto-mangue
12,72,9451,7,Oto-mangue
12,73,17,3,Oto-mangue
12,74,11570,10,Yuto-nahua
12,75,5903,9,Yuto-nahua
12,76,35446,9,Oto-mangue
12,77,439,7,Oto-mangue
12,78,18888,7,Oto-mangue
12,79,15458,9,Yuto-nahua
12,80,321,7,Oto-mangue
12,81,9054,8,Oto-mangue
13,1,87,7,Oto-mangue
13,2,17005,7,Yuto-nahua
13,3,1956,6,Oto-mangue
13,4,86,9,Oto-mangue
13,5,80,6,Oto-mangue
13,6,2783,7,Oto-mangue
13,7,12,3,Oto-mangue
13,8,133,7,Yuto-nahua
13,9,214,5,Oto-mangue
13,10,193,8,Oto-mangue
13,11,14346,5,Yuto-nahua
13,12,68,3,Yuto-nahua
13,13,820,15,Yuto-nahua
13,14,4836,8,Yuto-nahua
13,15,8839,9,Oto-mangue
13,16,191,6,Yuto-nahua
13,17,48,2,Oto-mangue
13,18,2538,5,Yuto-nahua
13,19,6009,8,Oto-mangue
13,20,14,6,Oto-mangue
13,21,74,7,Yuto-nahua
13,22,207,6,Yuto-nahua
13,23,478,3,Oto-mangue
13,24,89,6,Yuto-nahua
13,25,13077,8,Yuto-nahua
13,26,9412,4,Yuto-nahua
13,27,10471,7,Oto-mangue
13,28,71950,10,Yuto-nahua
13,29,380,8,Oto-mangue
13,30,29997,10,Oto-mangue
13,31,57,5,Oto-mangue
13,32,8114,2,Yuto-nahua
13,33,39,7,Yuto-nahua
13,34,3182,6,Yuto-nahua
13,35,144,5,Oto-mangue
13,36,47,3,Yuto-nahua
13,37,2833,4,Oto-mangue
13,38,63,8,Yuto-nahua
13,39,44,4,Yuto-nahua
13,40,50,4,Yuto-nahua
13,41,460,6,Oto-mangue
13,42,115,6,Yuto-nahua
13,43,3159,6,Oto-mangue
13,44,67,4,Oto-mangue
13,45,24,3,Yuto-nahua
13,46,21081,7,Yuto-nahua
13,47,123,4,Oto-mangue
13,48,13802,14,Yuto-nahua
13,49,133,5,Yuto-nahua
13,50,393,6,Oto-mangue
13,51,2936,11,Yuto-nahua
13,52,325,8,Yuto-nahua
13,53,5906,6,Oto-mangue
13,54,6174,10,Oto-mangue
13,55,7179,11,Oto-mangue
13,56,339,4,Yuto-nahua
13,57,22,2,Yuto-nahua
13,58,5380,9,Oto-mangue
13,59,3044,6,Oto-mangue
13,60,2695,5,Oto-mangue
13,61,451,10,Yuto-nahua
13,62,9733,9,Yuto-nahua
13,63,3539,12,Oto-mangue
13,64,280,5,Oto-mangue
13,65,32,4,Oto-mangue
13,66,77,10,Oto-mangue
13,67,256,5,Oto-mangue
13,68,6060,7,Yuto-nahua
13,69,3125,16,Yuto-nahua
13,70,87,5,Oto-mangue
13,71,51,4,Yuto-nahua
13,72,23,4,Yuto-nahua
13,73,21495,9,Yuto-nahua
13,74,135,3,Oto-mangue
13,75,144,10,Yuto-nahua
13,76,983,10,Oto-mangue
13,77,4594,9,Oto-mangue
13,78,16203,8,Yuto-nahua
13,79,68,3,Yuto-nahua
13,80,19183,6,Yuto-nahua
13,81,2121,2,Yuto-nahua
13,82,245,11,Yuto-nahua
13,83,501,7,Yuto-nahua
13,84,3769,6,Oto-mangue
14,1,27,3,Maya
14,2,13,4,Otras / no especificado
14,3,38,5,Yuto-nahua
14,4,13,5,Maya
14,5,108,2,Yuto-nahua
14,6,98,6,Yuto-nahua
14,7,4,2,Maya
14,8,261,4,Maya
14,9,223,14,Yuto-nahua
14,10,4,3,Tarasca
14,11,4,1,Yuto-nahua
14,12,3,3,Maya
14,13,150,4,Maya
14,15,558,7,Yuto-nahua
14,16,94,5,Maya
14,17,6,2,Oto-mangue
14,18,176,10,Maya
14,19,3772,5,Yuto-nahua
14,20,9,3,Yuto-nahua
14,21,54,5,Yuto-nahua
14,22,629,12,Oto-mangue
14,23,918,12,Maya
14,24,69,4,Yuto-nahua
14,25,492,3,Yuto-nahua
14,26,14,5,Tarasca
14,27,561,7,Yuto-nahua
14,28,1,1,Yuto-nahua
14,29,4,1,Yuto-nahua
14,30,129,7,Oto-mangue
14,31,79,5,Yuto-nahua
14,32,4,3,Yuto-nahua
14,33,48,6,Maya
14,35,15,3,Otras / no especificado
14,36,11,2,Yuto-nahua
14,37,560,8,Yuto-nahua
14,38,5,2,Yuto-nahua
14,39,7351,15,Yuto-nahua
14,40,32,2,Yuto-nahua
14,41,16,2,Yuto-nahua
14,42,1148,6,Yuto-nahua
14,43,54,4,Yuto-nahua
14,44,256,12,Yuto-nahua
14,45,23,4,Yuto-nahua
14,47,119,8,Yuto-nahua
14,48,121,4,Yuto-nahua
14,49,10,1,Yuto-nahua
14,50,304,10,Maya
14,51,18,4,Oto-mangue
14,52,16,2,Yuto-nahua
14,53,197,7,Oto-mangue
14,54,4,1,Yuto-nahua
14,55,29,5,Yuto-nahua
14,57,4,2,Tarasca
14,58,24,2,Oto-mangue
14,59,44,5,Tarasca
14,61,15140,7,Yuto-nahua
14,62,2,2,Yuto-nahua
14,63,278,7,Yuto-nahua
14,64,17,3,Yuto-nahua
14,66,71,5,Oto-mangue
14,67,3376,21,Yuto-nahua
14,68,58,2,Yuto-nahua
14,69,7,2,Oto-mangue
14,70,1504,14,Yuto-nahua
14,71,106,1,Yuto-nahua
14,72,8,3,Otras / no especificado
14,73,90,4,Mixe-zoque
14,74,11,3,Oto-mangue
14,75,5,4,Yuto-nahua
14,76,156,3,Yuto-nahua
14,77,18,3,Tarasca
14,78,43,3,Tarasca
14,79,173,11,Oto-mangue
14,80,24,5,Yuto-nahua
14,81,3,2,Yuto-nahua
14,82,122,12,Oto-mangue
14,83,1244,14,Yuto-nahua
14,84,39,3,Tarasca
14,85,121,5,Yuto-nahua
14,86,227,7,Oto-mangue
14,87,23,5,Yuto-nahua
14,88,28,2,Yuto-nahua
14,89,19,4,Oto-mangue
14,90,31,3,Yuto-nahua
14,91,58,1,Oto-mangue
14,92,2,1,Maya
14,93,157,4,Tarasca
14,94,64,4,Yuto-nahua
14,95,11,3,Tarasca
14,96,41,3,Yuto-nahua
14,97,5049,17,Yuto-nahua
14,98,3433,14,Yuto-nahua
14,99,237,7,Oto-mangue
14,100,874,6,Oto-mangue
14,101,1579,11,Yuto-nahua
14,102,4,2,Mixe-zoque
14,103,100,3,Yuto-nahua
14,104,71,1,Yuto-nahua
14,105,8,2,Maya
14,106,41,9,Oto-mangue
14,107,8,3,Maya
14,108,506,9,Yuto-nahua
14,109,3,1,Maya
14,110,30,4,Otras / no especificado
14,112,4,1,Mixe-zoque
14,113,45,2,Oto-mangue
14,114,16,2,Tarasca
14,115,282,2,Yuto-nahua
14,116,19,3,Oto-mangue
14,117,8,5,Maya
14,118,23,1,Maya
14,119,28,2,Tarasca
14,120,16526,20,Yuto-nahua
14,121,167,8,Maya
14,122,21,4,Otras / no especificado
14,123,18,4,Tarasca
14,124,79,3,Yuto-nahua
14,125,30,3,Maya
15,1,11090,12,Oto-mangue
15,2,2184,15,Oto-mangue
15,3,2005,12,Oto-mangue
15,4,6,1,Oto-mangue
15,5,230,5,Oto-mangue
15,6,88,9,Oto-mangue
15,7,1154,9,Oto-mangue
15,8,5,2,Oto-mangue
15,9,192,7,Oto-mangue
15,10,88,5,Yuto-nahua
15,11,1849,13,Yuto-nahua
15,12,192,10,Oto-mangue
15,13,7999,22,Oto-mangue
15,14,15147,12,Oto-mangue
15,15,82,6,Yuto-nahua
15,16,119,9,Oto-mangue
15,17,26,5,Yuto-nahua
15,18,184,6,Oto-mangue
15,19,138,9,Oto-mangue
15,20,1862,17,Oto-mangue
15,21,49,7,Yuto-nahua
15,22,121,10,Yuto-nahua
15,23,423,10,Yuto-nahua
15,24,1839,15,Oto-mangue
15,25,7148,22,Oto-mangue
15,26,3340,11,Oto-mangue
15,27,49,8,Oto-mangue
15,28,346,9,Yuto-nahua
15,29,2735,12,Oto-mangue
15,30,606,11,Yuto-nahua
15,31,22436,23,Oto-mangue
15,32,3520,8,Oto-mangue
15,33,28140,20,Yuto-nahua
15,34,40,7,Yuto-nahua
15,35,2909,18,Oto-mangue
15,36,151,5,Oto-mangue
15,37,5002,16,Oto-mangue
15,38,102,10,Oto-mangue
15,39,11008,21,Oto-mangue
15,40,90,5,Yuto-nahua
15,41,99,5,Oto-mangue
15,42,22423,9,Oto-mangue
15,43,226,8,Yuto-nahua
15,44,284,9,Yuto-nahua
15,45,339,8,Oto-mangue
15,46,130,12,Oto-mangue
15,47,6012,10,Oto-mangue
15,48,1958,8,Oto-mangue
15,49,175,3,Oto-mangue
15,50,36,4,Oto-mangue
15,51,1846,8,Oto-mangue
15,52,85,8,Yuto-nahua
15,53,1089,14,Yuto-nahua
15,54,1172,14,Oto-mangue
15,55,44,11,Oto-mangue
15,56,6000,8,Oto-mangue
15,57,23389,22,Oto-mangue
15,58,15224,18,Oto-mangue
15,59,997,20,Yuto-nahua
15,60,12477,20,Oto-mangue
15,61,21,4,Yuto-nahua
15,62,2517,14,Oto-mangue
15,63,305,7,Oto-mangue
15,64,4675,10,Oto-mangue
15,65,160,8,Oto-mangue
15,66,1,1,Totonaco-tepehua
15,67,2520,7,Oto-mangue
15,68,310,7,Oto-mangue
15,69,35,7,Yuto-nahua
15,70,10738,21,Oto-mangue
15,71,53,6,Oto-mangue
15,72,57,7,Oto-mangue
15,73,132,9,Oto-mangue
15,74,29033,10,Oto-mangue
15,75,207,9,Oto-mangue
15,76,437,10,Oto-mangue
15,77,11,6,Oto-mangue
15,78,6,2,Oto-mangue
15,79,27,5,Oto-mangue
15,80,35,3,Yuto-nahua
15,81,5935,18,Oto-mangue
15,82,55,4,Yuto-nahua
15,83,188,15,Oto-mangue
15,84,444,9,Yuto-nahua
15,85,9923,10,Oto-mangue
15,86,2095,6,Oto-mangue
15,87,15084,8,Oto-mangue
15,88,223,7,Yuto-nahua
15,89,59,15,Oto-mangue
15,90,246,8,Yuto-nahua
15,91,350,12,Yuto-nahua
15,92,705,20,Oto-mangue
15,93,342,11,Yuto-nahua
15,94,133,6,Oto-mangue
15,95,1515,16,Oto-mangue
15,96,191,12,Oto-mangue
15,97,18,6,Oto-mangue
15,98,53,6,Oto-mangue
15,99,5786,20,Yuto-nahua
15,100,1000,13,Yuto-nahua
15,101,964,11,Yuto-nahua
15,102,662,8,Oto-mangue
15,103,148,7,Yuto-nahua
15,104,10005,19,Oto-mangue
15,105,38,4,Oto-mangue
15,106,28983,19,Oto-mangue
15,107,52,7,Yuto-nahua
15,108,2117,16,Yuto-nahua
15,109,5432,24,Oto-mangue
15,110,254,7,Oto-mangue
15,111,2730,5,Oto-mangue
15,112,986,8,Oto-mangue
15,113,47,3,Yuto-nahua
15,114,2179,7,Oto-mangue
15,115,685,9,Oto-mangue
15,116,2,1,Oto-mangue
15,117,3,1,Oto-mangue
15,118,1005,10,Oto-mangue
15,119,17,4,Oto-mangue
15,120,4028,16,Yuto-nahua
15,121,4325,20,Oto-mangue
15,122,12607,22,Oto-mangue
15,123,33,3,Yuto-nahua
15,124,9770,8,Oto-mangue
15,125,205,14,Yuto-nahua
16,1,20,2,Tarasca
16,2,162,4,Oto-mangue
16,3,23,4,Tarasca
16,4,10,2,Tarasca
16,5,3,1,Oto-mangue
16,6,1056,8,Oto-mangue
16,7,2,2,Oto-mangue
16,8,5884,5,Yuto-nahua
16,9,109,8,Tarasca
16,10,20,5,Oto-mangue
16,11,13,4,Tarasca
16,12,897,5,Oto-mangue
16,13,4,1,Tarasca
16,14,150,5,Yuto-nahua
16,15,16,2,Yuto-nahua
16,16,3590,3,Tarasca
16,17,37,3,Yuto-nahua
16,18,13,4,Yuto-nahua
16,19,72,3,Tarasca
16,20,32,4,Tarasca
16,21,6934,2,Tarasca
16,22,24,5,Oto-mangue
16,23,33,1,Tarasca
16,24,3846,6,Tarasca
16,25,16615,5,Tarasca
16,26,153,1,Yuto-nahua
16,28,7,2,Tarasca
16,29,3,1,Otras / no especificado
16,30,7,3,Otras / no especificado
16,31,38,3,Oto-mangue
16,32,2162,3,Tarasca
16,33,33,2,Tarasca
16,34,142,5,Oto-mangue
16,35,31,4,Otras / no especificado
16,36,11,3,Tarasca
16,37,1,1,Tarasca
16,38,43,5,Yuto-nahua
16,39,11,2,Tarasca
16,40,20,4,Tarasca
16,41,2,1,Totonaco-tepehua
16,42,11,2,Otras / no especificado
16,43,770,5,Tarasca
16,44,7,2,Tarasca
16,45,27,2,Tarasca
16,46,10,2,Oto-mangue
16,47,18,3,Oto-mangue
16,48,3,1,Tarasca
16,49,22,3,Oto-mangue
16,50,137,6,Oto-mangue
16,51,13,3,Tarasca
16,52,1855,14,Oto-mangue
16,53,4381,12,Tarasca
16,54,2,1,Tarasca
16,55,124,4,Tarasca
16,56,15047,1,Tarasca
16,58,498,3,Tarasca
16,59,18,4,Tarasca
16,60,4,1,Tarasca
16,61,88,6,Oto-mangue
16,62,40,3,Tarasca
16,63,9,2,Tarasca
16,64,238,3,Oto-mangue
16,65,11771,5,Tarasca
16,66,6465,6,Tarasca
16,67,11,1,Tarasca
16,68,422,7,Oto-mangue
16,69,352,9,Tarasca
16,70,23,3,Tarasca
16,71,230,3,Tarasca
16,72,12,3,Tarasca
16,73,6806,4,Tarasca
16,74,2,1,Maya
16,75,9199,10,Tarasca
16,76,190,3,Tarasca
16,77,29,1,Yuto-nahua
16,78,6,2,Mixe-zoque
16,79,18,1,Tarasca
16,80,27,6,Oto-mangue
16,81,52,6,Oto-mangue
16,82,151,10,Oto-mangue
16,83,352,9,Oto-mangue
16,84,5651,2,Tarasca
16,85,597,3,Tarasca
16,86,46,3,Tarasca
16,87,24,3,Tarasca
16,88,512,7,Tarasca
16,89,39,5,Yuto-nahua
16,90,673,4,Tarasca
16,91,728,1,Tarasca
16,92,5,2,Yuto-nahua
16,93,41,6,Oto-mangue
16,94,13,2,Tarasca
16,95,62,4,Tarasca
16,96,2,1,Oto-mangue
16,97,572,5,Yuto-nahua
16,98,30,3,Oto-mangue
16,99,21,4,Oto-mangue
16,100,1558,3,Tarasca
16,101,4,2,Otras / no especificado
16,102,29189,10,Tarasca
16,103,56,4,Tarasca
16,104,22,1,Tarasca
16,105,51,2,Tarasca
16,106,670,6,Oto-mangue
16,107,1451,4,Tarasca
16,108,1222,6,Tarasca
16,109,4,3,Otras / no especificado
16,110,16,4,Oto-mangue
16,111,118,2,Tarasca
16,112,1799,6,Oto-mangue
16,113,43,4,Maya
17,1,26,3,Yuto-nahua
17,2,820,13,Oto-mangue
17,3,1749,7,Oto-mangue
17,4,3017,7,Oto-mangue
17,5,3,1,Yuto-nahua
17,6,8015,13,Yuto-nahua
17,7,3952,18,Yuto-nahua
17,8,1041,12,Yuto-nahua
17,9,444,16,Yuto-nahua
17,10,216,11,Yuto-nahua
17,11,2482,14,Yuto-nahua
17,12,549,12,Yuto-nahua
17,13,548,4,Yuto-nahua
17,14,35,3,Yuto-nahua
17,15,41,3,Yuto-nahua
17,16,82,7,Yuto-nahua
17,17,206,7,Yuto-nahua
17,18,4270,13,Yuto-nahua
17,19,103,6,Oto-mangue
17,20,2567,12,Yuto-nahua
17,21,11,4,Oto-mangue
17,22,644,7,Yuto-nahua
17,23,180,4,Oto-mangue
17,24,334,7,Oto-mangue
17,25,186,7,Yuto-nahua
17,26,910,10,Oto-mangue
17,27,278,7,Oto-mangue
17,28,1359,16,Oto-mangue
17,29,870,15,Oto-mangue
17,30,548,7,Oto-mangue
17,31,200,11,Yuto-nahua
17,32,39,4,Yuto-nahua
17,33,95,7,Yuto-nahua
17,34,55,2,Yuto-nahua
17,35,2189,8,Yuto-nahua
17,36,2348,2,Yuto-nahua
18,1,1728,9,Yuto-nahua
18,2,12,2,Yuto-nahua
18,3,19,3,Yuto-nahua
18,4,979,11,Yuto-nahua
18,5,1779,8,Yuto-nahua
18,6,238,5,Yuto-nahua
18,7,114,3,Yuto-nahua
18,8,372,12,Yuto-nahua
18,9,36772,11,Yuto-nahua
18,10,5842,6,Yuto-nahua
18,11,2054,8,Yuto-nahua
18,12,636,7,Yuto-nahua
18,13,11,2,Yuto-nahua
18,14,981,8,Yuto-nahua
18,15,1392,6,Yuto-nahua
18,16,88,5,Yuto-nahua
18,17,9455,14,Yuto-nahua
18,18,113,7,Yuto-nahua
18,19,5518,5,Yuto-nahua
18,20,1738,22,Yuto-nahua
19,1,12,3,Yuto-nahua
19,2,4,2,Maya
19,4,132,3,Maya
19,5,18,3,Yuto-nahua
19,6,6102,13,Yuto-nahua
19,7,12,1,Totonaco-tepehua
19,8,6,3,Maya
19,9,2415,8,Yuto-nahua
19,10,3728,16,Yuto-nahua
19,11,9,2,Maya
19,12,1965,13,Yuto-nahua
19,13,3,1,Oto-mangue
19,14,30,3,Oto-mangue
19,15,8,2,Maya
19,16,17,4,Maya
19,17,8,1,Yuto-nahua
19,18,13828,21,Yuto-nahua
19,19,2178,9,Yuto-nahua
19,20,31,2,Yuto-nahua
19,21,8621,14,Yuto-nahua
19,22,52,3,Maya
19,24,2,2,Maya
19,25,3516,14,Yuto-nahua
19,26,4270,14,Yuto-nahua
19,27,2,1,Yuto-nahua
19,28,17,4,Yuto-nahua
19,29,6,3,Oto-mangue
19,30,2,1,Yuto-nahua
19,31,10135,20,Yuto-nahua
19,32,2,1,Yuto-nahua
19,33,22,2,Oto-mangue
19,34,218,4,Yuto-nahua
19,35,2,2,Oto-mangue
19,36,7,4,Maya
19,37,16,4,Maya
19,38,254,6,Mixe-zoque
19,39,14778,16,Yuto-nahua
19,40,2,1,Yuto-nahua
19,41,9662,13,Yuto-nahua
19,42,18,1,Yuto-nahua
19,43,1,1,Yuto-nahua
19,44,22,3,Otras / no especificado
19,45,3178,13,Yuto-nahua
19,46,1482,11,Yuto-nahua
19,47,52,3,Oto-mangue
19,48,4642,20,Yuto-nahua
19,49,744,10,Yuto-nahua
19,50,12,3,Yuto-nahua
19,51,2,2,Otras / no especificado
20,1,755,4,Oto-mangue
20,2,5315,9,Oto-mangue
20,3,2248,5,Mixe-zoque
20,4,2,2,Oto-mangue
20,5,5647,11,Oto-mangue
20,6,2795,12,Oto-mangue
20,7,1840,5,Oto-mangue
20,8,63,5,Oto-mangue
20,9,3783,5,Oto-mangue
20,10,748,9,Oto-mangue
20,11,500,2,Oto-mangue
20,12,6263,10,Oto-mangue
20,13,34,5,Oto-mangue
20,14,5413,14,Oto-mangue
20,15,2872,5,Oto-mangue
20,16,8584,7,Oto-mangue
20,17,21,8,Oto-mangue
20,18,8,4,Oto-mangue
20,19,1055,8,Oto-mangue
20,20,2632,6,Oto-mangue
20,21,659,7,Yuto-nahua
20,22,148,5,Oto-mangue
20,23,1841,15,Oto-mangue
20,24,694,9,Oto-mangue
20,25,557,12,Oto-mangue
20,26,3479,10,Oto-mangue
20,27,1115,7,Oto-mangue
20,28,174,10,Oto-mangue
20,29,3429,7,Oto-mangue
20,30,2764,7,Oto-mangue
20,31,6164,8,Mixe-zoque
20,32,2,2,Oto-mangue
20,33,163,10,Oto-mangue
20,34,17,4,Oto-mangue
20,35,83,5,Oto-mangue
20,36,2390,6,Oto-mangue
20,37,1517,5,Oto-mangue
20,38,1489,3,Oto-mangue
20,39,3867,10,Oto-mangue
20,40,5604,8,Oto-mangue
20,41,24235,14,Oto-mangue
20,42,4394,10,Oto-mangue
20,43,60085,17,Oto-mangue
20,44,1521,15,Oto-mangue
20,45,235,11,Oto-mangue
20,46,197,4,Oto-mangue
20,47,1,1,Oto-mangue
20,48,55,2,Oto-mangue
20,49,107,1,Oto-mangue
20,50,3236,4,Oto-mangue
20,51,3794,5,Oto-mangue
20,52,247,9,Mixe-zoque
20,53,203,3,Oto-mangue
20,54,4,1,Oto-mangue
20,55,13,6,Oto-mangue
20,56,23,4,Oto-mangue
20,57,5794,15,Mixe-zoque
20,58,9463,12,Oto-mangue
20,59,5273,11,Oto-mangue
20,60,2306,6,Mixe-zoque
20,61,78,6,Oto-mangue
20,62,104,3,Oto-mangue
20,63,42,7,Oto-mangue
20,64,1679,8,Oto-mangue
20,65,703,3,Oto-mangue
20,66,79,5,Oto-mangue
20,67,21931,18,Oto-mangue
20,68,819,10,Oto-mangue
20,69,11,3,Oto-mangue
20,70,4802,8,Oto-mangue
20,71,114,5,Oto-mangue
20,72,438,10,Oto-mangue
20,73,7754,8,Oto-mangue
20,74,342,2,Oto-mangue
20,75,62,4,Oto-mangue
20,76,64,6,Oto-mangue
20,77,142,9,Oto-mangue
20,78,20,5,Oto-mangue
20,79,3977,9,Oto-mangue
20,80,6,3,Oto-mangue
20,81,896,3,Oto-mangue
20,82,1996,8,Oto-mangue
20,83,953,12,Oto-mangue
20,84,82,11,Oto-mangue
20,85,21311,12,Oto-mangue
20,86,582,6,Oto-mangue
20,87,628,11,Oto-mangue
20,88,83,6,Oto-mangue
20,89,25,3,Oto-mangue
20,90,1555,5,Oto-mangue
20,91,485,10,Oto-mangue
20,92,293,8,Oto-mangue
20,93,5,4,Yuto-nahua
20,94,486,5,Oto-mangue
20,95,2651,4,Oto-mangue
20,96,22,2,Oto-mangue
20,97,1497,4,Oto-mangue
20,98,1731,8,Oto-mangue
20,99,1,1,Oto-mangue
20,100,344,2,Oto-mangue
20,101,93,2,Oto-mangue
20,102,281,13,Oto-mangue
20,103,731,7,Oto-mangue
20,104,937,5,Oto-mangue
20,105,6667,4,Oto-mangue
20,106,28,3,Oto-mangue
20,107,2387,16,Oto-mangue
20,108,1046,6,Oto-mangue
20,109,86,4,Yuto-nahua
20,110,1435,3,Oto-mangue
20,111,3590,6,Oto-mangue
20,112,2106,5,Oto-mangue
20,113,481,6,Oto-mangue
20,114,504,4,Oto-mangue
20,115,427,10,Oto-mangue
20,116,3695,6,Oto-mangue
20,117,1306,7,Oto-mangue
20,118,2173,3,Oto-mangue
20,119,451,3,Oto-mangue
20,120,236,4,Oto-mangue
20,121,222,6,Oto-mangue
20,122,160,5,Oto-mangue
20,123,69,5,Oto-mangue
20,124,15265,8,Oto-mangue
20,125,5269,7,Oto-mangue
20,126,4513,7,Oto-mangue
20,127,919,3,Oto-mangue
20,128,1034,4,Oto-mangue
20,129,21,3,Oto-mangue
20,130,2126,7,Huave
20,131,9697,6,Oto-mangue
20,132,59,6,Oto-mangue
20,133,2879,7,Oto-mangue
20,134,22558,10,Oto-mangue
20,135,151,6,Oto-mangue
20,136,10774,10,Oto-mangue
20,137,30,4,Oto-mangue
20,138,303,3,Oto-mangue
20,139,175,6,Oto-mangue
20,140,5,4,Oto-mangue
20,141,1456,11,Huave
20,142,705,4,Oto-mangue
20,143,647,8,Oto-mangue
20,144,109,5,Oto-mangue
20,145,771,16,Oto-mangue
20,146,2514,6,Oto-mangue
20,148,1704,3,Oto-mangue
20,149,24,5,Oto-mangue
20,150,181,10,Oto-mangue
20,152,1536,3,Oto-mangue
20,153,97,5,Oto-mangue
20,154,731,4,Oto-mangue
20,155,13,3,Oto-mangue
20,156,2225,6,Oto-mangue
20,157,1079,13,Oto-mangue
20,158,52,5,Oto-mangue
20,159,122,6,Oto-mangue
20,160,3,2,Yuto-nahua
20,161,25,6,Oto-mangue
20,162,256,5,Oto-mangue
20,163,1043,4,Oto-mangue
20,164,1725,4,Oto-mangue
20,165,7,4,Oto-mangue
20,166,3313,9,Oto-mangue
20,167,39,4,Oto-mangue
20,168,31,5,Oto-mangue
20,169,3523,7,Oto-mangue
20,170,3418,6,Oto-mangue
20,171,15933,13,Oto-mangue
20,172,27,1,Oto-mangue
20,173,947,4,Oto-mangue
20,174,211,11,Oto-mangue
20,175,429,7,Oto-mangue
20,176,159,7,Oto-mangue
20,177,1415,11,Oto-mangue
20,178,427,8,Oto-mangue
20,179,16,5,Oto-mangue
20,180,46,4,Oto-mangue
20,181,4,2,Yuto-nahua
20,182,1765,5,Oto-mangue
20,183,121,3,Oto-mangue
20,184,23153,15,Oto-mangue
20,185,400,6,Oto-mangue
20,187,1475,4,Oto-mangue
20,188,6093,9,Oto-mangue
20,189,2570,4,Oto-mangue
20,190,7958,16,Mixe-zoque
20,191,27,3,Oto-mangue
20,192,13,3,Oto-mangue
20,193,19,6,Oto-mangue
20,194,1134,7,Oto-mangue
20,195,765,3,Oto-mangue
20,196,169,2,Oto-mangue
20,197,1835,8,Oto-mangue
20,198,19502,10,Mixe-zoque
20,199,30,1,Oto-mangue
20,200,3102,5,Mixe-zoque
20,201,1561,7,Oto-mangue
20,202,1869,7,Oto-mangue
20,203,20,7,Oto-mangue
20,204,7,2,Oto-mangue
20,205,12841,8,Oto-mangue
20,206,662,12,Oto-mangue
20,207,7423,13,Mixe-zoque
20,208,5793,9,Oto-mangue
20,209,553,1,Oto-mangue
20,210,5184,9,Oto-mangue
20,211,2241,3,Oto-mangue
20,212,2861,6,Oto-mangue
20,213,3699,8,Oto-mangue
20,214,1703,4,Oto-mangue
20,215,15,5,Oto-mangue
20,216,1044,3,Oto-mangue
20,217,1338,4,Oto-mangue
20,218,298,1,Oto-mangue
20,219,273,4,Oto-mangue
20,220,1700,7,Oto-mangue
20,221,22,6,Oto-mangue
20,222,1317,2,Oto-mangue
20,223,401,3,Oto-mangue
20,224,8,3,Oto-mangue
20,225,3491,6,Oto-mangue
20,226,498,9,Oto-mangue
20,227,674,13,Oto-mangue
20,228,655,2,Oto-mangue
20,229,8129,4,Oto-mangue
20,230,22,3,Oto-mangue
20,231,2935,3,Mixe-zoque
20,232,15896,8,Oto-mangue
20,233,1584,3,Oto-mangue
20,234,5812,13,Oto-mangue
20,235,19,4,Oto-mangue
20,236,1208,2,Oto-mangue
20,237,41,3,Oto-mangue
20,238,11,5,Oto-mangue
20,239,22,3,Oto-mangue
20,240,2189,6,Oto-mangue
20,241,13,3,Oto-mangue
20,242,11205,8,Oto-mangue
20,243,24,3,Oto-mangue
20,244,1104,9,Oto-mangue
20,245,16,3,Oto-mangue
20,246,436,2,Oto-mangue
20,247,119,6,Oto-mangue
20,248,14033,12,Huave
20,249,2354,8,Oto-mangue
20,250,21,7,Oto-mangue
20,251,8,3,Oto-mangue
20,252,1752,5,Oto-mangue
20,253,158,4,Oto-mangue
20,254,72,3,Oto-mangue
20,255,29,3,Oto-mangue
20,256,11,2,Oto-mangue
20,257,939,4,Oto-mangue
20,258,13,3,Oto-mangue
20,259,1125,3,Oto-mangue
20,260,1983,3,Oto-mangue
20,261,297,7,Oto-mangue
20,262,125,5,Oto-mangue
20,263,386,4,Oto-mangue
20,264,1436,8,Oto-mangue
20,265,2631,5,Mixe-zoque
20,266,384,5,Oto-mangue
20,267,162,2,Oto-mangue
20,268,43,3,Oto-mangue
20,269,1944,8,Oto-mangue
20,270,407,8,Oto-mangue
20,271,2509,5,Oto-mangue
20,272,5365,9,Oto-mangue
20,273,797,7,Oto-mangue
20,274,711,6,Oto-mangue
20,275,6768,6,Mixe-zoque
20,276,366,3,Oto-mangue
20,277,669,10,Oto-mangue
20,278,23926,10,Oto-mangue
20,279,1537,4,Oto-mangue
20,280,885,5,Oto-mangue
20,281,16,1,Oto-mangue
20,282,21,4,Chontal-oaxaca
20,283,3,2,Oto-mangue
20,284,2614,2,Oto-mangue
20,285,743,5,Oto-mangue
20,286,377,5,Oto-mangue
20,287,33,1,Oto-mangue
20,288,537,2,Oto-mangue
20,289,4,2,Mixe-zoque
20,290,2,2,Oto-mangue
20,291,61,7,Oto-mangue
20,292,113,4,Oto-mangue
20,293,726,10,Oto-mangue
20,294,157,7,Oto-mangue
20,295,159,7,Oto-mangue
20,296,583,3,Oto-mangue
20,297,2490,2,Oto-mangue
20,298,4330,8,Oto-mangue
20,299,900,3,Oto-mangue
20,300,4554,12,Oto-mangue
20,301,35,3,Oto-mangue
20,302,3158,5,Oto-mangue
20,303,824,2,Oto-mangue
20,304,52,1,Oto-mangue
20,305,1790,9,Oto-mangue
20,306,3098,6,Oto-mangue
20,307,1528,8,Chontal-oaxaca
20,308,1375,6,Oto-mangue
20,309,7905,9,Oto-mangue
20,310,2100,17,Oto-mangue
20,311,380,2,Oto-mangue
20,312,9477,6,Oto-mangue
20,313,425,5,Oto-mangue
20,314,29,4,Oto-mangue
20,315,835,4,Oto-mangue
20,316,155,6,Oto-mangue
20,317,16,4,Oto-mangue
20,318,1712,11,Oto-mangue
20,319,884,1,Oto-mangue
20,320,438,5,Oto-mangue
20,321,1,1,Totonaco-tepehua
20,322,669,4,Oto-mangue
20,323,2217,7,Mixe-zoque
20,324,2851,8,Oto-mangue
20,325,10793,7,Oto-mangue
20,326,4436,9,Oto-mangue
20,327,761,11,Oto-mangue
20,329,20,5,Oto-mangue
20,330,796,9,Oto-mangue
20,331,316,4,Oto-mangue
20,332,7,2,Oto-mangue
20,333,297,4,Oto-mangue
20,334,3207,16,Oto-mangue
20,335,799,2,Oto-mangue
20,336,1399,6,Oto-mangue
20,337,4253,11,Mixe-zoque
20,338,863,12,Oto-mangue
20,339,113,8,Oto-mangue
20,340,290,7,Oto-mangue
20,341,1,1,Mixe-zoque
20,342,236,14,Oto-mangue
20,343,470,4,Oto-mangue
20,344,30,5,Oto-mangue
20,345,298,4,Oto-mangue
20,346,725,4,Oto-mangue
20,347,352,4,Oto-mangue
20,348,2090,8,Oto-mangue
20,349,487,5,Oto-mangue
20,350,826,8,Oto-mangue
20,351,22,4,Oto-mangue
20,352,4367,3,Oto-mangue
20,353,14,4,Oto-mangue
20,354,410,3,Oto-mangue
20,355,281,6,Oto-mangue
20,356,1447,5,Oto-mangue
20,357,14,2,Mixe-zoque
20,358,14,1,Oto-mangue
20,359,586,3,Oto-mangue
20,360,944,8,Oto-mangue
20,361,778,1,Oto-mangue
20,362,204,6,Oto-mangue
20,363,112,4,Oto-mangue
20,364,2743,6,Oto-mangue
20,365,413,3,Oto-mangue
20,366,269,7,Oto-mangue
20,367,3855,6,Oto-mangue
20,368,17,4,Oto-mangue
20,369,30,4,Oto-mangue
20,370,65,4,Oto-mangue
20,371,538,3,Oto-mangue
20,372,1001,2,Oto-mangue
20,373,2,1,Oto-mangue
20,374,1292,3,Oto-mangue
20,375,1874,15,Oto-mangue
20,376,6,1,Oto-mangue
20,377,1045,10,Oto-mangue
20,378,883,8,Oto-mangue
20,379,2208,4,Oto-mangue
20,380,547,7,Oto-mangue
20,381,4,4,Oto-mangue
20,382,378,4,Oto-mangue
20,383,3,1,Oto-mangue
20,384,2659,8,Oto-mangue
20,385,9799,17,Oto-mangue
20,386,12196,11,Oto-mangue
20,387,15,3,Oto-mangue
20,388,25,9,Oto-mangue
20,389,844,1,Oto-mangue
20,390,6669,15,Oto-mangue
20,391,3095,5,Oto-mangue
20,392,3134,4,Oto-mangue
20,393,3045,6,Oto-mangue
20,394,2458,6,Mixe-zoque
20,395,1234,5,Oto-mangue
20,396,2827,6,Oto-mangue
20,397,13394,9,Oto-mangue
20,398,326,7,Oto-mangue
20,399,4454,14,Oto-mangue
20,400,8,3,Oto-mangue
20,401,1577,10,Oto-mangue
20,402,44,6,Oto-mangue
20,403,278,11,Oto-mangue
20,404,13,4,Oto-mangue
20,405,205,5,Oto-mangue
20,406,18021,11,Oto-mangue
20,407,3632,15,Mixe-zoque
20,408,63,4,Oto-mangue
20,409,461,13,Oto-mangue
20,410,1168,7,Chontal-oaxaca
20,411,129,6,Oto-mangue
20,412,754,10,Oto-mangue
20,413,1824,16,Oto-mangue
20,414,3214,10,Oto-mangue
20,415,691,4,Oto-mangue
20,416,24,1,Oto-mangue
20,417,5277,8,Oto-mangue
20,418,550,10,Oto-mangue
20,419,263,4,Oto-mangue
20,420,1429,7,Oto-mangue
20,421,78,6,Oto-mangue
20,422,172,7,Oto-mangue
20,423,6,2,Oto-mangue
20,424,762,6,Oto-mangue
20,425,1714,5,Oto-mangue
20,426,7383,7,Oto-mangue
20,427,4396,10,Oto-mangue
20,428,1704,5,Oto-mangue
20,429,47,3,Oto-mangue
20,430,38,1,Oto-mangue
20,431,269,7,Oto-mangue
20,432,830,3,Oto-mangue
20,433,2340,1,Oto-mangue
20,434,3465,7,Yuto-nahua
20,435,3149,4,Mixe-zoque
20,436,808,5,Oto-mangue
20,437,8562,10,Mixe-zoque
20,438,616,6,Oto-mangue
20,439,9368,10,Oto-mangue
20,440,300,3,Oto-mangue
20,441,8004,1,Oto-mangue
20,442,156,2,Oto-mangue
20,443,113,2,Oto-mangue
20,444,226,2,Oto-mangue
20,445,1361,5,Oto-mangue
20,446,5211,7,Oto-mangue
20,447,2980,10,Oto-mangue
20,448,446,3,Oto-mangue
20,449,13,2,Oto-mangue
20,450,7121,14,Oto-mangue
20,451,830,4,Oto-mangue
20,452,2712,4,Oto-mangue
20,453,378,9,Chontal-oaxaca
20,454,3216,5,Mixe-zoque
20,455,11,4,Oto-mangue
20,456,449,4,Oto-mangue
20,457,2733,5,Oto-mangue
20,458,899,4,Oto-mangue
20,459,598,8,Oto-mangue
20,460,2526,8,Oto-mangue
20,461,112,3,Oto-mangue
20,462,31,4,Oto-mangue
20,463,11,4,Oto-mangue
20,464,24,2,Oto-mangue
20,465,1096,6,Mixe-zoque
20,466,10647,8,Oto-mangue
20,467,3531,9,Oto-mangue
20,468,9339,9,Oto-mangue
20,469,19120,8,Oto-mangue
20,470,2434,7,Oto-mangue
20,471,375,2,Oto-mangue
20,472,301,4,Oto-mangue
20,473,981,1,Oto-mangue
20,474,74,7,Oto-mangue
20,475,8170,7,Oto-mangue
20,476,3,3,Oto-mangue
20,477,100,2,Oto-mangue
20,478,22,5,Oto-mangue
20,479,3,1,Oto-mangue
20,480,1153,4,Oto-mangue
20,481,1621,3,Oto-mangue
20,482,8693,11,Oto-mangue
20,483,147,13,Oto-mangue
20,484,238,7,Oto-mangue
20,485,44,4,Oto-mangue
20,486,24,7,Oto-mangue
20,487,19,6,Oto-mangue
20,488,1,1,Oto-mangue
20,489,1181,8,Oto-mangue
20,490,2683,6,Yuto-nahua
20,491,1012,5,Oto-mangue
20,492,1252,9,Oto-mangue
20,493,14,4,Oto-mangue
20,494,4786,11,Oto-mangue
20,495,1287,6,Oto-mangue
20,496,151,8,Oto-mangue
20,497,3825,4,Oto-mangue
20,498,2062,15,Oto-mangue
20,499,72,4,Oto-mangue
20,500,1824,8,Oto-mangue
20,501,127,5,Oto-mangue
20,502,4463,7,Mixe-zoque
20,503,249,2,Oto-mangue
20,504,617,4,Oto-mangue
20,505,320,5,Oto-mangue
20,506,572,4,Oto-mangue
20,507,56,8,Oto-mangue
20,508,137,5,Oto-mangue
20,509,8835,10,Oto-mangue
20,510,121,3,Oto-mangue
20,511,1542,5,Oto-mangue
20,512,371,4,Oto-mangue
20,513,2273,8,Oto-mangue
20,514,847,4,Oto-mangue
20,515,10879,14,Mixe-zoque
20,516,66,5,Oto-mangue
20,517,5258,11,Mixe-zoque
20,519,517,9,Oto-mangue
20,520,1438,7,Oto-mangue
20,521,22,2,Oto-mangue
20,522,922,5,Oto-mangue
20,523,37,8,Oto-mangue
20,525,183,7,Oto-mangue
20,526,7189,10,Oto-mangue
20,527,1912,8,Oto-mangue
20,528,695,2,Oto-mangue
20,529,1266,2,Oto-mangue
20,530,444,9,Oto-mangue
20,531,1121,8,Oto-mangue
20,532,3574,6,Oto-mangue
20,533,352,5,Oto-mangue
20,534,3004,6,Oto-mangue
20,535,2908,9,Oto-mangue
20,536,4,3,Oto-mangue
20,537,1624,8,Oto-mangue
20,538,11,4,Oto-mangue
20,539,234,14,Oto-mangue
20,540,178,8,Oto-mangue
20,541,1233,5,Oto-mangue
20,542,5,2,Oto-mangue
20,543,3459,4,Oto-mangue
20,544,690,4,Oto-mangue
20,545,1523,9,Oto-mangue
20,546,3874,12,Oto-mangue
20,547,21,2,Oto-mangue
20,548,35,7,Oto-mangue
20,549,4692,2,Oto-mangue
20,550,2167,10,Oto-mangue
20,551,5767,18,Oto-mangue
20,552,28,2,Oto-mangue
20,553,905,11,Oto-mangue
20,554,4481,8,Mixe-zoque
20,555,48,6,Oto-mangue
20,556,18,3,Oto-mangue
20,557,6923,7,Oto-mangue
20,558,207,8,Oto-mangue
20,559,11945,11,Oto-mangue
20,560,5234,9,Oto-mangue
20,561,30,6,Oto-mangue
20,562,10,3,Oto-mangue
20,563,1,1,Mixe-zoque
20,564,923,3,Oto-mangue
20,565,4161,17,Oto-mangue
20,566,42,8,Oto-mangue
20,567,16,4,Oto-mangue
20,568,211,8,Oto-mangue
20,569,494,3,Oto-mangue
20,570,585,11,Oto-mangue
21,1,4766,9,Yuto-nahua
21,2,280,6,Yuto-nahua
21,3,413,10,Oto-mangue
21,4,106,4,Yuto-nahua
21,5,747,3,Yuto-nahua
21,6,11407,3,Totonaco-tepehua
21,7,56,1,Yuto-nahua
21,8,91,4,Yuto-nahua
21,9,10,6,Oto-mangue
21,10,32691,6,Yuto-nahua
21,11,22,4,Yuto-nahua
21,12,16,2,Yuto-nahua
21,13,9677,8,Yuto-nahua
21,14,2992,5,Totonaco-tepehua
21,15,3000,17,Yuto-nahua
21,16,103,7,Yuto-nahua
21,17,7763,6,Yuto-nahua
21,18,34,5,Yuto-nahua
21,19,3365,10,Yuto-nahua
21,20,661,4,Yuto-nahua
21,21,3,2,Yuto-nahua
21,22,87,3,Yuto-nahua
21,23,2,1,Maya
21,24,6,3,Oto-mangue
21,25,2151,4,Yuto-nahua
21,26,1881,8,Yuto-nahua
21,27,118,9,Yuto-nahua
21,28,2521,2,Totonaco-tepehua
21,29,2869,8,Totonaco-tepehua
21,30,577,2,Totonaco-tepehua
21,31,2,1,Yuto-nahua
21,32,69,4,Yuto-nahua
21,33,327,5,Yuto-nahua
21,34,560,7,Yuto-nahua
21,35,8742,8,Yuto-nahua
21,36,12953,10,Yuto-nahua
21,37,89,5,Oto-mangue
21,38,25,4,Yuto-nahua
21,39,6166,8,Yuto-nahua
21,40,234,11,Yuto-nahua
21,41,1537,10,Yuto-nahua
21,42,7,3,Yuto-nahua
21,43,33308,7,Yuto-nahua
21,44,103,9,Yuto-nahua
21,45,137,8,Yuto-nahua
21,46,101,5,Yuto-nahua
21,47,84,6,Yuto-nahua
21,48,347,6,Totonaco-tepehua
21,49,9902,10,Yuto-nahua
21,50,2462,7,Yuto-nahua
21,51,146,5,Oto-mangue
21,52,772,3,Oto-mangue
21,53,590,5,Yuto-nahua
21,54,3153,9,Yuto-nahua
21,55,24,6,Oto-mangue
21,56,5,4,Oto-mangue
21,57,851,7,Oto-mangue
21,58,1526,7,Yuto-nahua
21,59,23,8,Oto-mangue
21,60,188,6,Yuto-nahua
21,61,11906,6,Yuto-nahua
21,62,66,7,Yuto-nahua
21,63,24,5,Oto-mangue
21,64,1018,7,Yuto-nahua
21,65,59,7,Yuto-nahua
21,66,16,3,Oto-mangue
21,67,155,8,Yuto-nahua
21,68,4258,4,Totonaco-tepehua
21,69,180,7,Yuto-nahua
21,70,3291,8,Yuto-nahua
21,71,25278,6,Yuto-nahua
21,72,13735,5,Totonaco-tepehua
21,73,34,3,Yuto-nahua
21,74,1775,7,Yuto-nahua
21,75,9844,7,Yuto-nahua
21,76,1785,5,Yuto-nahua
21,77,4658,3,Totonaco-tepehua
21,78,10939,3,Yuto-nahua
21,79,39,5,Yuto-nahua
21,80,2359,5,Totonaco-tepehua
21,81,75,3,Yuto-nahua
21,82,91,7,Oto-mangue
21,83,2520,9,Yuto-nahua
21,84,6045,2,Totonaco-tepehua
21,85,921,12,Yuto-nahua
21,86,954,5,Totonaco-tepehua
21,87,774,4,Yuto-nahua
21,88,2386,5,Yuto-nahua
21,89,5970,4,Totonaco-tepehua
21,90,258,8,Yuto-nahua
21,91,1666,2,Yuto-nahua
21,92,58,6,Yuto-nahua
21,93,56,2,Yuto-nahua
21,94,487,7,Yuto-nahua
21,95,8,1,Yuto-nahua
21,96,8,4,Yuto-nahua
21,97,87,4,Yuto-nahua
21,98,291,6,Yuto-nahua
21,99,67,7,Yuto-nahua
21,100,7206,6,Yuto-nahua
21,101,564,2,Yuto-nahua
21,102,1076,5,Yuto-nahua
21,103,51,3,Yuto-nahua
21,104,101,5,Yuto-nahua
21,105,197,6,Yuto-nahua
21,106,1236,7,Yuto-nahua
21,107,10270,9,Totonaco-tepehua
21,108,115,5,Yuto-nahua
21,109,9758,10,Yuto-nahua
21,110,90,8,Oto-mangue
21,111,3361,6,Totonaco-tepehua
21,112,255,6,Oto-mangue
21,113,49,8,Oto-mangue
21,114,55708,16,Yuto-nahua
21,115,135,4,Yuto-nahua
21,116,171,8,Yuto-nahua
21,117,35,4,Yuto-nahua
21,118,45,8,Oto-mangue
21,119,6028,16,Yuto-nahua
21,120,1546,6,Yuto-nahua
21,121,9,1,Yuto-nahua
21,122,99,8,Yuto-nahua
21,123,2257,4,Totonaco-tepehua
21,124,6552,6,Yuto-nahua
21,125,51,5,Totonaco-tepehua
21,126,91,6,Yuto-nahua
21,127,1502,6,Oto-mangue
21,128,30,3,Yuto-nahua
21,129,10581,3,Yuto-nahua
21,130,7,3,Yuto-nahua
21,131,6,2,Yuto-nahua
21,132,1079,12,Yuto-nahua
21,133,30,1,Yuto-nahua
21,134,107,9,Yuto-nahua
21,135,5,2,Oto-mangue
21,136,73,7,Yuto-nahua
21,137,25,6,Yuto-nahua
21,138,134,4,Yuto-nahua
21,139,22,8,Oto-mangue
21,140,1933,16,Yuto-nahua
21,141,16,6,Oto-mangue
21,142,73,8,Yuto-nahua
21,143,140,12,Totonaco-tepehua
21,144,106,7,Yuto-nahua
21,145,10731,9,Yuto-nahua
21,146,419,3,Oto-mangue
21,147,390,7,Oto-mangue
21,148,140,8,Yuto-nahua
21,149,2563,11,Yuto-nahua
21,150,134,4,Yuto-nahua
21,151,77,4,Yuto-nahua
21,152,18,3,Yuto-nahua
21,153,141,6,Yuto-nahua
21,154,335,10,Yuto-nahua
21,155,659,13,Oto-mangue
21,156,24638,19,Yuto-nahua
21,157,69,8,Oto-mangue
21,158,1002,3,Yuto-nahua
21,159,2500,2,Yuto-nahua
21,160,9,3,Yuto-nahua
21,161,2043,6,Oto-mangue
21,162,3141,5,Totonaco-tepehua
21,163,2296,6,Yuto-nahua
21,164,430,11,Yuto-nahua
21,165,23,2,Yuto-nahua
21,166,1408,2,Yuto-nahua
21,167,8736,9,Yuto-nahua
21,168,19,4,Yuto-nahua
21,169,1041,11,Oto-mangue
21,170,36,4,Yuto-nahua
21,171,20,7,Yuto-nahua
21,172,6143,9,Yuto-nahua
21,173,809,3,Yuto-nahua
21,174,6493,3,Yuto-nahua
21,175,642,7,Yuto-nahua
21,176,49,5,Oto-mangue
21,177,6870,7,Oto-mangue
21,178,2676,6,Totonaco-tepehua
21,179,72,5,Yuto-nahua
21,180,153,6,Yuto-nahua
21,181,37,6,Yuto-nahua
21,182,70,8,Yuto-nahua
21,183,12292,2,Yuto-nahua
21,184,2159,8,Yuto-nahua
21,185,54,6,Yuto-nahua
21,186,6643,8,Yuto-nahua
21,187,204,7,Oto-mangue
21,188,1254,1,Yuto-nahua
21,189,131,8,Yuto-nahua
21,190,18,6,Oto-mangue
21,191,175,5,Oto-mangue
21,192,2761,5,Yuto-nahua
21,193,13,3,Yuto-nahua
21,194,1689,4,Yuto-nahua
21,195,7794,15,Yuto-nahua
21,196,593,11,Oto-mangue
21,197,3451,10,Yuto-nahua
21,198,4,1,Yuto-nahua
21,199,375,3,Yuto-nahua
21,200,1056,4,Yuto-nahua
21,201,109,5,Yuto-nahua
21,202,9078,5,Yuto-nahua
21,203,24,6,Yuto-nahua
21,204,3304,6,Yuto-nahua
21,205,204,7,Yuto-nahua
21,206,43,4,Yuto-nahua
21,207,17777,4,Yuto-nahua
21,208,4664,9,Yuto-nahua
21,209,845,8,Oto-mangue
21,210,4016,4,Totonaco-tepehua
21,211,725,6,Yuto-nahua
21,212,9740,8,Yuto-nahua
21,213,3780,8,Totonaco-tepehua
21,214,7390,6,Yuto-nahua
21,215,3644,5,Totonaco-tepehua
21,216,1661,6,Yuto-nahua
21,217,17747,7,Yuto-nahua
22,1,8397,4,Oto-mangue
22,2,56,4,Oto-mangue
22,3,29,6,Oto-mangue
22,4,468,5,Oto-mangue
22,5,97,6,Oto-mangue
22,6,976,13,Oto-mangue
22,7,360,6,Oto-mangue
22,8,64,5,Oto-mangue
22,9,206,5,Maya
22,10,35,4,Maya
22,11,1179,10,Oto-mangue
22,12,379,8,Tarasca
22,13,42,5,Oto-mangue
22,14,6754,23,Oto-mangue
22,15,62,3,Oto-mangue
22,16,2251,15,Oto-mangue
22,17,179,7,Oto-mangue
22,18,5332,4,Oto-mangue
23,1,9132,11,Maya
23,2,44778,9,Maya
23,3,1664,12,Maya
23,4,12871,22,Maya
23,5,73515,25,Maya
23,6,17545,8,Maya
23,7,10407,8,Maya
23,8,31325,17,Maya
23,9,15300,11,Maya
23,10,8737,20,Maya
23,11,3036,17,Maya
24,1,32,4,Yuto-nahua
24,2,35,3,Oto-mangue
24,3,32367,4,Maya
24,4,2,1,Yuto-nahua
24,5,155,5,Oto-mangue
24,6,17,3,Yuto-nahua
24,7,27,4,Yuto-nahua
24,8,57,4,Yuto-nahua
24,9,13,5,Yuto-nahua
24,10,131,5,Oto-mangue
24,11,385,6,Oto-mangue
24,12,12551,3,Maya
24,13,13321,6,Maya
24,14,10752,5,Yuto-nahua
24,15,43,3,Yuto-nahua
24,16,3256,4,Maya
24,17,48,3,Yuto-nahua
24,18,8523,6,Maya
24,19,60,3,Oto-mangue
24,20,182,8,Oto-mangue
24,21,65,3,Yuto-nahua
24,22,22,5,Oto-mangue
24,23,717,6,Oto-mangue
24,24,343,5,Yuto-nahua
24,25,24,3,Yuto-nahua
24,26,7860,7,Maya
24,27,34,6,Yuto-nahua
24,28,4414,7,Yuto-nahua
24,29,7635,4,Yuto-nahua
24,31,7130,5,Oto-mangue
24,32,27,3,Maya
24,33,3,1,Maya
24,34,3605,7,Maya
24,35,1556,9,Yuto-nahua
24,36,5288,7,Oto-mangue
24,37,34130,5,Yuto-nahua
24,38,4963,4,Yuto-nahua
24,39,7347,3,Maya
24,40,9659,9,Maya
24,41,14388,3,Maya
24,42,2762,8,Maya
24,43,2,1,Yuto-nahua
24,44,23,4,Yuto-nahua
24,45,26,3,Oto-mangue
24,46,18,5,Oto-mangue
24,47,19,4,Maya
24,48,13,5,Otras / no especificado
24,49,80,2,Oto-mangue
24,50,7,1,Yuto-nahua
24,51,17,3,Yuto-nahua
24,52,6,2,Otras / no especificado
24,53,16567,7,Yuto-nahua
24,54,17651,4,Yuto-nahua
24,55,11,2,Yuto-nahua
24,56,68,7,Yuto-nahua
24,57,15674,4,Yuto-nahua
24,58,227,4,Maya
25,1,4404,12,Yuto-nahua
25,2,498,5,Yuto-nahua
25,3,6,1,Yuto-nahua
25,4,185,7,Oto-mangue
25,5,12,3,Oto-mangue
25,6,2526,16,Oto-mangue
25,7,1096,4,Yuto-nahua
25,8,665,16,Yuto-nahua
25,9,4699,11,Yuto-nahua
25,10,3948,7,Yuto-nahua
25,11,2845,14,Oto-mangue
25,12,2153,15,Oto-mangue
25,13,14,2,Oto-mangue
25,14,470,14,Oto-mangue
25,15,232,12,Yuto-nahua
25,16,30,4,Yuto-nahua
25,17,551,3,Yuto-nahua
25,18,3083,14,Oto-mangue
26,1,2,2,Yuto-nahua
26,2,404,12,Yuto-nahua
26,3,2627,5,Yuto-nahua
26,4,100,9,Maya
26,5,10,3,Yuto-nahua
26,6,3,3,Oto-mangue
26,7,1,1,Yuto-nahua
26,10,1,1,Álgica
26,11,5,1,Oto-mangue
26,12,1682,4,Yuto-nahua
26,15,1,1,Yuto-nahua
26,16,6,2,Yuto-nahua
26,17,746,17,Oto-mangue
26,18,4155,12,Yuto-nahua
26,19,152,6,Yuto-nahua
26,20,31,8,Oto-mangue
26,21,8,3,Yuto-nahua
26,22,1,1,Totonaco-tepehua
26,23,3,1,Yuto-nahua
26,24,3,1,Oto-mangue
26,25,176,6,Yuto-nahua
26,26,8433,6,Yuto-nahua
26,27,116,9,Yuto-nahua
26,29,8823,10,Yuto-nahua
26,30,8390,28,Yuto-nahua
26,31,5,4,Yuto-nahua
26,32,1,1,Yuto-nahua
26,33,3248,3,Yuto-nahua
26,34,1,1,Yuto-nahua
26,35,70,7,Yuto-nahua
26,36,222,10,Otras / no especificado
26,37,1,1,Yuto-nahua
26,38,6,2,Oto-mangue
26,39,30,7,Tarasca
26,40,1,1,Yuto-nahua
26,41,85,7,Yuto-nahua
26,42,5951,5,Yuto-nahua
26,43,1976,17,Yuto-nahua
26,44,2,1,Yuto-nahua
26,45,9,4,Yuto-nahua
26,47,994,9,Seri
26,48,471,8,Yuto-nahua
26,49,101,4,Yuto-nahua
26,50,4,3,Yuto-nahua
26,51,23,5,Yuto-nahua
26,52,14,6,Yuto-nahua
26,54,4,1,Mixe-zoque
26,55,782,14,Oto-mangue
26,56,2243,21,Oto-mangue
26,57,2,2,Yuto-nahua
26,59,7,3,Yuto-nahua
26,60,6,2,Yuto-nahua
26,61,2,2,Tarasca
26,64,1,1,Yuto-nahua
26,65,6,1,Yuto-nahua
26,66,18,4,Yuto-nahua
26,67,3,2,Yuto-nahua
26,69,660,5,Yuto-nahua
26,70,66,9,Yuto-nahua
26,71,895,7,Yuto-nahua
26,72,868,5,Yuto-nahua
27,1,732,6,Maya
27,2,1246,13,Maya
27,3,26217,10,Maya
27,4,26853,13,Maya
27,5,669,13,Maya
27,6,509,10,Maya
27,7,303,9,Maya
27,8,517,10,Maya
27,9,247,6,Maya
27,10,342,9,Maya
27,11,530,6,Maya
27,12,5990,7,Maya
27,13,18427,10,Maya
27,14,441,13,Maya
27,15,7630,11,Maya
27,16,353,9,Maya
27,17,1184,14,Maya
28,1,9,2,Maya
28,2,110,4,Maya
28,3,4046,7,Yuto-nahua
28,4,26,4,Maya
28,5,4,2,Otras / no especificado
28,6,8,2,Yuto-nahua
28,7,24,4,Maya
28,8,17,1,Maya
28,9,1706,5,Yuto-nahua
28,10,5,3,Maya
28,11,15,5,Otras / no especificado
28,12,312,4,Maya
28,13,34,5,Yuto-nahua
28,14,4,2,Oto-mangue
28,15,46,4,Maya
28,16,17,4,Yuto-nahua
28,17,19,4,Oto-mangue
28,18,3,1,Yuto-nahua
28,19,67,3,Maya
28,20,1,1,Yuto-nahua
28,21,205,5,Yuto-nahua
28,22,5479,14,Yuto-nahua
28,23,11,2,Maya
28,24,32,8,Maya
28,25,53,5,Yuto-nahua
28,27,3089,18,Yuto-nahua
28,28,48,2,Maya
28,29,19,3,Yuto-nahua
28,30,8,3,Maya
28,31,1,1,Oto-mangue
28,32,10231,15,Yuto-nahua
28,33,846,9,Yuto-nahua
28,35,115,3,Yuto-nahua
28,37,159,5,Yuto-nahua
28,38,3458,12,Yuto-nahua
28,39,40,5,Oto-mangue
28,40,141,5,Yuto-nahua
28,41,697,7,Yuto-nahua
28,42,6,3,Maya
28,43,33,3,Maya
29,1,113,6,Yuto-nahua
29,2,121,9,Yuto-nahua
29,3,21,5,Yuto-nahua
29,4,23,3,Yuto-nahua
29,5,527,7,Yuto-nahua
29,6,249,9,Yuto-nahua
29,7,34,7,Oto-mangue
29,8,26,3,Yuto-nahua
29,9,51,6,Yuto-nahua
29,10,2280,10,Yuto-nahua
29,11,5,4,Oto-mangue
29,12,46,10,Yuto-nahua
29,13,304,10,Yuto-nahua
29,14,53,5,Yuto-nahua
29,15,192,7,Totonaco-tepehua
29,16,385,6,Oto-mangue
29,17,1033,7,Yuto-nahua
29,18,4423,10,Yuto-nahua
29,19,153,7,Yuto-nahua
29,20,34,7,Yuto-nahua
29,21,55,5,Yuto-nahua
29,22,121,5,Yuto-nahua
29,23,80,6,Yuto-nahua
29,24,303,8,Totonaco-tepehua
29,25,10062,10,Yuto-nahua
29,26,564,8,Yuto-nahua
29,27,373,13,Yuto-nahua
29,28,1402,11,Yuto-nahua
29,29,317,9,Totonaco-tepehua
29,30,23,5,Yuto-nahua
29,31,166,8,Yuto-nahua
29,32,50,4,Yuto-nahua
29,33,1182,8,Yuto-nahua
29,34,231,7,Yuto-nahua
29,35,16,4,Yuto-nahua
29,36,265,6,Yuto-nahua
29,37,41,6,Yuto-nahua
29,38,170,8,Yuto-nahua
29,39,88,6,Yuto-nahua
29,40,29,5,Yuto-nahua
29,41,748,7,Yuto-nahua
29,42,129,8,Yuto-nahua
29,43,265,6,Yuto-nahua
29,44,280,8,Totonaco-tepehua
29,45,10,6,Oto-mangue
29,46,4,3,Oto-mangue
29,47,3,2,Yuto-nahua
29,49,21,3,Yuto-nahua
29,50,1014,6,Yuto-nahua
29,51,9,4,Totonaco-tepehua
29,52,22,5,Yuto-nahua
29,53,97,4,Yuto-nahua
29,54,18,3,Totonaco-tepehua
29,55,8,3,Yuto-nahua
29,56,38,5,Totonaco-tepehua
29,57,6,4,Yuto-nahua
29,58,114,11,Yuto-nahua
29,59,185,10,Yuto-nahua
29,60,61,6,Yuto-nahua
30,1,15,5,Yuto-nahua
30,2,12,3,Totonaco-tepehua
30,3,1907,14,Otras / no especificado
30,4,50,3,Yuto-nahua
30,5,9,1,Oto-mangue
30,6,3505,4,Yuto-nahua
30,7,3,1,Yuto-nahua
30,8,37,6,Yuto-nahua
30,9,33,4,Yuto-nahua
30,10,213,4,Yuto-nahua
30,11,103,9,Oto-mangue
30,12,16,2,Oto-mangue
30,13,1278,7,Maya
30,14,614,5,Yuto-nahua
30,15,181,13,Yuto-nahua
30,16,135,7,Yuto-nahua
30,17,4,2,Yuto-nahua
30,18,39,1,Yuto-nahua
30,19,6020,5,Yuto-nahua
30,20,9961,5,Yuto-nahua
30,21,80,7,Yuto-nahua
30,22,109,5,Yuto-nahua
30,23,127,5,Yuto-nahua
30,24,68,2,Yuto-nahua
30,25,118,6,Yuto-nahua
30,26,115,9,Yuto-nahua
30,27,11792,8,Yuto-nahua
30,28,665,13,Oto-mangue
30,29,127,9,Yuto-nahua
30,30,9037,3,Yuto-nahua
30,31,43,4,Oto-mangue
30,32,166,7,Otras / no especificado
30,33,2797,6,Totonaco-tepehua
30,34,417,10,Yuto-nahua
30,35,1402,9,Yuto-nahua
30,36,21,4,Totonaco-tepehua
30,37,3532,6,Totonaco-tepehua
30,38,434,9,Yuto-nahua
30,39,7471,24,Oto-mangue
30,40,3964,3,Totonaco-tepehua
30,41,769,6,Yuto-nahua
30,42,11,2,Yuto-nahua
30,43,16,3,Yuto-nahua
30,44,2524,8,Oto-mangue
30,45,2209,8,Oto-mangue
30,46,19,2,Yuto-nahua
30,47,113,9,Yuto-nahua
30,48,5603,13,Yuto-nahua
30,49,109,7,Yuto-nahua
30,50,10648,5,Totonaco-tepehua
30,51,12666,9,Totonaco-tepehua
30,52,244,7,Yuto-nahua
30,53,295,9,Oto-mangue
30,54,21,5,Oto-mangue
30,55,4932,5,Yuto-nahua
30,56,3424,6,Yuto-nahua
30,57,24,4,Totonaco-tepehua
30,58,31370,9,Yuto-nahua
30,59,416,12,Yuto-nahua
30,60,874,6,Maya
30,61,934,10,Totonaco-tepehua
30,62,49,3,Yuto-nahua
30,63,1894,4,Maya
30,64,3367,7,Totonaco-tepehua
30,65,532,15,Yuto-nahua
30,66,8169,6,Totonaco-tepehua
30,67,16284,5,Totonaco-tepehua
30,68,735,9,Yuto-nahua
30,69,636,6,Totonaco-tepehua
30,70,476,11,Yuto-nahua
30,71,214,4,Yuto-nahua
30,72,453,6,Yuto-nahua
30,73,7899,6,Mixe-zoque
30,74,217,3,Yuto-nahua
30,75,28,4,Oto-mangue
30,76,10767,8,Yuto-nahua
30,77,575,6,Oto-mangue
30,78,5984,7,Yuto-nahua
30,79,81,4,Yuto-nahua
30,80,63,5,Yuto-nahua
30,81,4771,5,Yuto-nahua
30,82,437,12,Yuto-nahua
30,83,32953,10,Yuto-nahua
30,84,12,3,Oto-mangue
30,85,4353,6,Yuto-nahua
30,86,108,3,Yuto-nahua
30,87,4086,18,Yuto-nahua
30,88,30,3,Yuto-nahua
30,89,598,13,Oto-mangue
30,90,5,2,Oto-mangue
30,91,1934,16,Oto-mangue
30,92,145,5,Yuto-nahua
30,93,25,4,Totonaco-tepehua
30,94,1453,7,Oto-mangue
30,95,19,3,Yuto-nahua
30,96,19,2,Totonaco-tepehua
30,97,28,3,Yuto-nahua
30,98,2447,4,Yuto-nahua
30,99,35,2,Yuto-nahua
30,100,22,4,Oto-mangue
30,101,184,6,Yuto-nahua
30,102,1328,11,Yuto-nahua
30,103,10546,10,Totonaco-tepehua
30,104,11593,9,Yuto-nahua
30,105,581,10,Oto-mangue
30,106,5,4,Oto-mangue
30,107,6,3,Otras / no especificado
30,108,7058,14,Yuto-nahua
30,109,209,4,Totonaco-tepehua
30,110,10806,7,Yuto-nahua
30,111,110,15,Yuto-nahua
30,112,28,4,Yuto-nahua
30,113,381,3,Yuto-nahua
30,114,27,6,Yuto-nahua
30,115,1153,7,Yuto-nahua
30,116,104,7,Mixe-zoque
30,117,1021,6,Yuto-nahua
30,118,2112,11,Yuto-nahua
30,119,150,9,Oto-mangue
30,120,514,4,Yuto-nahua
30,121,251,6,Yuto-nahua
30,122,9994,8,Yuto-nahua
30,123,1185,5,Maya
30,124,29364,7,Totonaco-tepehua
30,125,74,2,Yuto-nahua
30,126,28,2,Yuto-nahua
30,127,83,13,Yuto-nahua
30,128,231,6,Yuto-nahua
30,129,5246,5,Yuto-nahua
30,130,8576,11,Oto-mangue
30,131,4505,9,Totonaco-tepehua
30,132,56,5,Yuto-nahua
30,133,888,13,Yuto-nahua
30,134,32,4,Yuto-nahua
30,135,9728,6,Yuto-nahua
30,136,8,3,Yuto-nahua
30,137,5096,4,Yuto-nahua
30,138,722,3,Yuto-nahua
30,140,2170,2,Yuto-nahua
30,141,589,11,Oto-mangue
30,142,334,8,Yuto-nahua
30,143,88,3,Maya
30,144,4012,11,Mixe-zoque
30,145,218,8,Otras / no especificado
30,146,12,3,Yuto-nahua
30,147,21867,8,Yuto-nahua
30,148,33,4,Yuto-nahua
30,149,27158,13,Mixe-zoque
30,150,618,4,Yuto-nahua
30,151,185,4,Yuto-nahua
30,152,127,6,Maya
30,153,430,4,Maya
30,154,439,5,Maya
30,155,51145,6,Maya
30,156,8,3,Yuto-nahua
30,157,1433,5,Yuto-nahua
30,158,1167,6,Totonaco-tepehua
30,159,26646,5,Yuto-nahua
30,160,3188,12,Yuto-nahua
30,161,1854,2,Maya
30,162,12,2,Yuto-nahua
30,163,10,3,Yuto-nahua
30,164,31,2,Yuto-nahua
30,165,20,4,Yuto-nahua
30,166,4,2,Maya
30,167,1585,6,Yuto-nahua
30,168,12896,7,Yuto-nahua
30,169,647,7,Oto-mangue
30,170,7275,8,Oto-mangue
30,171,3499,1,Yuto-nahua
30,172,409,6,Mixe-zoque
30,173,8000,9,Yuto-nahua
30,174,586,8,Oto-mangue
30,175,3060,6,Totonaco-tepehua
30,176,36,5,Oto-mangue
30,177,16,2,Yuto-nahua
30,178,40,8,Oto-mangue
30,179,30,3,Yuto-nahua
30,180,4683,7,Totonaco-tepehua
30,181,92,9,Oto-mangue
30,182,35,5,Maya
30,183,708,10,Yuto-nahua
30,184,6831,5,Yuto-nahua
30,185,1653,5,Yuto-nahua
30,186,22,4,Yuto-nahua
30,187,7,5,Yuto-nahua
30,188,26,3,Yuto-nahua
30,189,2102,12,Yuto-nahua
30,190,3,2,Maya
30,191,86,4,Maya
30,192,50,3,Yuto-nahua
30,193,5175,14,Oto-mangue
30,194,21,3,Yuto-nahua
30,195,1934,7,Yuto-nahua
30,196,102,9,Yuto-nahua
30,197,118,2,Totonaco-tepehua
30,198,121,7,Oto-mangue
30,199,3033,10,Yuto-nahua
30,200,6,1,Yuto-nahua
30,201,28534,5,Yuto-nahua
30,202,10730,11,Yuto-nahua
30,203,9965,11,Totonaco-tepehua
30,204,325,12,Oto-mangue
30,205,110,2,Yuto-nahua
30,206,757,10,Oto-mangue
30,207,1408,5,Oto-mangue
30,208,83,8,Oto-mangue
30,209,8792,6,Yuto-nahua
30,210,9776,18,Oto-mangue
30,211,246,5,Yuto-nahua
30,212,5420,9,Oto-mangue
31,1,3716,3,Maya
31,2,3469,3,Maya
31,3,5808,3,Maya
31,4,847,3,Maya
31,5,696,1,Maya
31,6,1845,4,Maya
31,7,1246,2,Maya
31,8,1812,3,Maya
31,9,875,1,Maya
31,10,2001,3,Maya
31,11,386,4,Maya
31,12,1116,2,Maya
31,13,1720,7,Maya
31,14,1127,2,Maya
31,15,2795,1,Maya
31,16,2578,2,Maya
31,17,3530,5,Maya
31,18,1932,2,Maya
31,19,30213,5,Maya
31,20,305,2,Maya
31,21,7497,6,Maya
31,22,3796,2,Maya
31,23,1151,4,Maya
31,24,2477,2,Maya
31,25,3462,4,Maya
31,26,679,3,Maya
31,27,414,2,Maya
31,28,101,4,Maya
31,29,547,4,Maya
31,30,1778,3,Maya
31,31,1286,2,Maya
31,32,8159,4,Maya
31,33,10454,5,Maya
31,34,3133,3,Maya
31,35,2515,2,Maya
31,36,3902,3,Maya
31,37,1887,4,Maya
31,38,5851,5,Maya
31,39,398,1,Maya
31,40,8741,8,Maya
31,41,16953,9,Maya
31,42,1982,3,Maya
31,43,2272,3,Maya
31,44,1910,2,Maya
31,45,942,2,Maya
31,46,1932,2,Maya
31,47,4036,2,Maya
31,48,9390,3,Maya
31,49,3450,4,Maya
31,50,79982,14,Maya
31,51,340,4,Maya
31,52,6455,6,Maya
31,53,4805,7,Maya
31,54,969,1,Maya
31,55,4493,1,Maya
31,56,17728,7,Maya
31,57,1488,8,Maya
31,58,13199,5,Maya
31,59,3284,8,Maya
31,60,291,2,Maya
31,61,403,4,Maya
31,62,2405,1,Maya
31,63,1837,3,Maya
31,64,725,2,Maya
31,65,131,1,Maya
31,66,2899,4,Maya
31,67,1903,2,Maya
31,68,599,5,Maya
31,69,3619,1,Maya
31,70,1555,5,Maya
31,71,931,2,Maya
31,72,528,2,Maya
31,73,5161,2,Maya
31,74,1796,3,Maya
31,75,4467,2,Maya
31,76,7279,3,Maya
31,77,1056,1,Maya
31,78,1047,5,Maya
31,79,23807,9,Maya
31,80,4431,2,Maya
31,81,2519,5,Maya
31,82,349,4,Maya
31,83,182,3,Maya
31,84,1505,3,Maya
31,85,11512,5,Maya
31,86,1161,4,Maya
31,87,1617,2,Maya
31,88,865,2,Maya
31,89,12108,6,Maya
31,90,5224,4,Maya
31,91,6870,6,Maya
31,92,6286,5,Maya
31,93,1795,5,Maya
31,94,4268,4,Maya
31,95,1226,4,Maya
31,96,26114,6,Maya
31,97,1611,4,Maya
31,98,7123,6,Maya
31,99,3161,5,Maya
31,100,754,3,Maya
31,101,9847,7,Maya
31,102,38314,6,Maya
31,103,1563,2,Maya
31,104,10003,5,Maya
31,105,297,3,Maya
31,106,363,3,Maya
32,2,5,4,Oto-mangue
32,3,2,2,Oto-mangue
32,4,19,4,Yuto-nahua
32,5,210,5,Yuto-nahua
32,6,2,1,Yuto-nahua
32,7,4,1,Yuto-nahua
32,8,2,1,Otras / no especificado
32,9,2,1,Yuto-nahua
32,10,268,5,Yuto-nahua
32,11,142,3,Yuto-nahua
32,13,134,3,Yuto-nahua
32,14,3,1,Otras / no especificado
32,16,9,2,Tarasca
32,17,749,13,Yuto-nahua
32,18,4,3,Yuto-nahua
32,19,124,6,Yuto-nahua
32,20,240,7,Yuto-nahua
32,21,4,4,Oto-mangue
32,22,41,4,Yuto-nahua
32,23,28,1,Yuto-nahua
32,24,51,5,Oto-mangue
32,25,10,3,Oto-mangue
32,26,7,2,Maya
32,28,15,2,Yuto-nahua
32,29,5,1,Otras / no especificado
32,30,8,1,Yuto-nahua
32,31,41,1,Yuto-nahua
32,32,62,3,Yuto-nahua
32,33,9,3,Yuto-nahua
32,34,67,5,Yuto-nahua
32,35,3,1,Maya
32,36,117,3,Oto-mangue
32,37,93,3,Yuto-nahua
32,38,83,2,Yuto-nahua
32,39,94,3,Yuto-nahua
32,40,6,2,Yuto-nahua
32,41,2,2,Maya
32,42,46,3,Yuto-nahua
32,43,1,1,Yuto-nahua
32,44,15,4,Yuto-nahua
32,45,27,3,Yuto-nahua
32,47,7,1,Yuto-nahua
32,48,577,11,Yuto-nahua
32,49,837,6,Yuto-nahua
32,50,4,1,Yuto-nahua
32,51,149,4,Yuto-nahua
32,52,8,2,Yuto-nahua
32,53,3,1,Oto-mangue
32,54,3,1,Oto-mangue
32,56,454,6,Oto-mangue
32,57,22,4,Oto-mangue
32,58,5,2,Yuto-nahua
